DAILY_ENERGY_CONSUMPTION_KWH,MEAN_TEMPERATURE_C,MEAN_RELATIVE_HUMIDITY_PERC,MEAN_WIND_SPEED_MS,HOUSEHOLD_NET_SOLAR_RADIATION_kWh,ENTHALPY_GRADIENT_COOLING_DEHUM_kJperKg
-1.9556000000000004,0.0,0.0,0.0,-763.5330000000002,0.0
-23.4064,0.0,0.0,0.0,0.0,0.0
8.305000000000001,0.0,0.0,0.0,17.320000000000164,0.0
16.552999999999994,0.0,0.0,0.0,-17.320000000000164,0.0
-17.14609999999999,0.0,0.0,0.0,0.0,0.0
10.046699999999994,0.0,0.0,0.0,0.0,0.0
-14.291399999999998,0.0,0.0,0.0,-44.71300000000065,0.0
12.645899999999997,0.0,0.0,0.0,44.71300000000065,0.0
-3.8223999999999956,0.0,0.0,0.0,0.0,0.0
24.693200000000004,0.0,0.0,0.0,0.0,0.0
-45.725300000000004,0.0,0.0,0.0,-541.8410000000002,0.0
29.614500000000003,0.0,0.0,0.0,541.8410000000002,0.0
-14.8184,0.0,0.0,0.0,0.0,0.0
5.8763000000000005,0.0,0.0,0.0,-355.55899999999986,0.0
30.174700000000005,0.0,0.0,0.0,74.37800000000004,0.0
-52.30000000000001,0.0,0.0,0.0,1374.4919999999997,0.0
25.757400000000004,0.0,0.0,0.0,-1093.311,0.0
1.1297999999999977,0.0,0.0,0.0,0.0,0.0
-6.163999999999994,0.0,0.0,0.0,0.0,0.0
9.084499999999997,0.0,0.0,0.0,0.0,0.0
-3.3777000000000026,0.0,0.0,0.0,-1097.696,0.0
-17.331499999999995,0.0,0.0,0.0,2388.7299999999996,0.0
24.4849,0.0,0.0,0.0,-1291.0339999999997,0.0
3.3082999999999956,0.0,0.0,0.0,-25.588999999999714,0.0
-27.839999999999996,0.0,0.0,0.0,25.588999999999714,0.0
16.315599999999996,0.0,0.0,0.0,0.0,0.0
-8.527599999999996,0.0,0.0,0.0,-47.983000000000175,0.0
11.430099999999998,0.0,0.0,0.0,47.983000000000175,0.0
-4.543399999999998,0.0,0.0,0.0,0.0,0.0
0.09319999999999773,0.0,0.0,0.0,0.0,0.0
8.1586,0.0,0.0,0.0,0.0,0.0
4.116600000000005,0.0,0.0,0.0,-627.0849999999999,0.0
-28.898700000000005,0.0,0.0,0.0,55.28800000000001,0.0
30.675600000000006,0.0,0.0,0.0,572.1209999999999,0.0
-26.45920000000001,0.0,0.0,0.0,709.615,0.0
5.87790000000001,0.0,0.0,0.0,-709.939,0.0
15.853499999999993,0.0,0.0,0.0,0.0,0.0
-14.180399999999999,0.0,0.0,0.0,-211.94999999999993,0.0
28.619500000000006,0.0,0.0,0.0,211.94999999999993,0.0
-31.51269999999999,0.0,0.0,0.0,-497.40100000000007,0.0
-2.147100000000025,0.0,0.0,0.0,952.9270000000002,0.0
2.224400000000016,0.0,0.0,0.0,-455.5260000000002,0.0
1.9360999999999988,0.5083333333333329,-7.479166666666671,0.4208333333333336,1021.8510000000002,-2.700588801280915
13.818199999999997,-0.5083333333333329,7.479166666666671,-0.4208333333333336,673.0289999999994,2.700588801280915
16.39190000000001,0.0,0.0,0.0,-1694.8799999999997,0.0
-45.40810000000002,0.0,0.0,0.0,0.0,0.0
15.674700000000009,0.0,0.0,0.0,25.29200000000037,0.0
14.914699999999996,0.0,0.0,0.0,-25.29200000000037,0.0
-4.297500000000003,0.0,0.0,0.0,0.0,0.0
-12.697899999999988,0.0,0.0,0.0,0.0,0.0
-0.1809000000000074,0.0,0.0,0.0,-54.569000000000415,0.0
8.247199999999998,0.0,0.0,0.0,54.569000000000415,0.0
-4.429699999999998,0.0,0.0,0.0,0.0,0.0
17.341600000000007,0.0,0.0,0.0,0.0,0.0
-26.24910000000001,0.0,0.0,0.0,-1301.776,0.0
20.8337,0.0,0.0,0.0,1301.776,0.0
-15.872199999999996,0.0,0.0,0.0,0.0,0.0
8.163799999999998,0.0,0.0,0.0,-806.7359999999999,0.0
10.4831,0.0,0.0,0.0,29.295999999999708,0.0
-18.4754,0.0,0.0,0.0,3491.958000000001,0.0
8.7547,0.0,0.0,0.0,-2714.518000000001,0.0
5.274000000000006,0.0,0.0,0.0,0.0,0.0
-10.040500000000012,0.0,0.0,0.0,0.0,0.0
16.89240000000001,0.0,0.0,0.0,0.0,0.0
-12.199600000000007,0.0,0.0,0.0,-2704.2850000000008,0.0
-24.194599999999987,0.0,0.0,0.0,5788.208000000002,0.0
32.16619999999999,0.0,0.0,0.0,-3083.923000000001,0.0
8.141500000000002,0.0,0.0,0.0,-217.24400000000105,0.0
-38.1265,0.0,0.0,0.0,217.24400000000105,0.0
25.8669,0.0,0.0,0.0,0.0,0.0
-10.370099999999995,0.0,0.0,0.0,112.04599999999982,0.0
7.412999999999993,0.0,0.0,0.0,-112.04599999999982,0.0
-1.5976999999999997,0.0,0.0,0.0,0.0,0.0
1.7611000000000043,0.0,0.0,0.0,0.0,0.0
5.083999999999998,0.0,0.0,0.0,0.0,0.0
-3.151299999999999,0.0,0.0,0.0,-1511.1979999999999,0.0
-13.546700000000001,0.0,0.0,0.0,80.05799999999999,0.0
22.458000000000002,0.0,0.0,0.0,1424.7599999999998,0.0
-25.277,0.0,0.0,0.0,1711.4120000000003,0.0
5.1610999999999985,0.0,0.0,0.0,-1705.0320000000002,0.0
17.689300000000006,0.0,0.0,0.0,0.0,0.0
-13.229600000000008,0.0,0.0,0.0,-566.6130000000003,0.0
23.184599999999993,0.0,0.0,0.0,566.6130000000003,0.0
-26.884499999999978,0.0,0.0,0.0,-1125.3159999999998,0.0
-3.708200000000005,0.0,0.0,0.0,2324.8279999999995,0.0
0.7080999999999893,0.0,0.0,0.0,-1199.5119999999997,0.0
2.994000000000004,1.6999999999999993,-7.597367007183223,0.1875,33.50700000000052,1.6280770962917899
15.0637,-1.6999999999999993,7.597367007183223,-0.1875,1772.7980000000005,-1.6280770962917899
7.4007999999999985,0.0,0.0,0.0,-1806.305000000001,0.0
-28.901899999999994,0.0,0.0,0.0,0.0,0.0
6.9074999999999935,0.0,0.0,0.0,10.083999999998468,0.0
16.691000000000006,0.0,0.0,0.0,-10.083999999998468,0.0
-13.483699999999999,0.0,0.0,0.0,0.0,0.0
1.570499999999992,0.0,0.0,0.0,0.0,0.0
-8.908299999999997,0.0,0.0,0.0,-82.62599999999975,0.0
11.767200000000003,0.0,0.0,0.0,82.62599999999975,0.0
-4.199400000000001,0.0,0.0,0.0,0.0,0.0
5.400299999999999,0.0,0.0,0.0,0.0,0.0
-2.4583,0.0,0.0,0.0,-1334.3629999999998,0.0
10.8763,0.0,0.0,0.0,1334.3629999999998,0.0
-9.1219,0.0,0.0,0.0,0.0,0.0
-18.4297,0.0,0.0,0.0,-866.6410000000001,0.0
26.929300000000005,0.0,0.0,0.0,72.19200000000035,0.0
-16.593400000000003,0.0,0.0,0.0,3664.5509999999995,0.0
7.437900000000003,0.0,0.0,0.0,-2870.102,0.0
3.2097000000000033,0.0,0.0,0.0,0.0,0.0
-8.10660000000001,0.0,0.0,0.0,0.0,0.0
8.461600000000004,0.0,0.0,0.0,0.0,0.0
2.0229000000000035,0.0,0.0,0.0,-2862.2360000000003,0.0
-27.655400000000004,0.0,0.0,0.0,6112.949,0.0
31.029799999999994,0.0,0.0,0.0,-3250.7129999999993,0.0
8.421300000000008,0.0,0.0,0.0,-289.51099999999906,0.0
-42.6862,0.0,0.0,0.0,289.51099999999906,0.0
24.5092,0.0,0.0,0.0,0.0,0.0
-3.114500000000004,0.0,0.0,0.0,186.59799999999996,0.0
4.899000000000006,0.0,0.0,0.0,-186.59799999999996,0.0
-4.854900000000009,0.0,0.0,0.0,0.0,0.0
6.724400000000006,0.0,0.0,0.0,0.0,0.0
2.8962999999999983,0.0,0.0,0.0,0.0,0.0
0.8419000000000025,0.0,0.0,0.0,-1599.024,0.0
-18.9564,0.0,0.0,0.0,93.82099999999991,0.0
22.8222,0.0,0.0,0.0,1495.07,0.0
-32.036000000000016,0.0,0.0,0.0,1824.2080000000003,0.0
19.523700000000012,0.0,0.0,0.0,-1814.0750000000003,0.0
7.777200000000004,0.0,0.0,0.0,0.0,0.0
-5.872000000000012,0.0,0.0,0.0,-640.7620000000002,0.0
30.63520000000001,0.0,0.0,0.0,640.7620000000002,0.0
-52.7715,0.0,0.0,0.0,-1159.994,0.0
7.31589999999999,0.0,0.0,0.0,2399.169,0.0
2.468700000000007,0.0,0.0,0.0,-1239.175,0.0
13.14643297391071,0.22500000000000142,4.527550234254761,0.9041666666666668,-89.14500000000021,3.843633032405819
9.552734052178579,-0.22500000000000142,-4.527550234254761,-0.9041666666666668,1596.5500000000006,-3.843633032405819
-2.714467026089295,0.0,0.0,0.0,-1507.4050000000004,0.0
-26.089199999999995,0.0,0.0,0.0,0.0,0.0
16.2472,0.0,0.0,0.0,28.221999999999753,0.0
14.720900000000004,0.0,0.0,0.0,-28.221999999999753,0.0
-21.660700000000013,0.0,0.0,0.0,0.0,0.0
16.349900000000012,0.0,0.0,0.0,0.0,0.0
-26.793700000000005,0.0,0.0,0.0,78.7510000000002,0.0
21.012100000000004,0.0,0.0,0.0,-78.7510000000002,0.0
2.0918999999999977,0.0,0.0,0.0,0.0,0.0
-9.934699999999998,0.0,0.0,0.0,0.0,0.0
7.0009,0.0,0.0,0.0,-1316.7500000000002,0.0
4.627299999999997,0.0,0.0,0.0,1316.7500000000002,0.0
-3.7880999999999965,0.0,0.0,0.0,0.0,0.0
-16.332800000000002,0.0,0.0,0.0,-741.8809999999999,0.0
34.1152,0.0,0.0,0.0,-72.30100000000016,0.0
-39.101600000000005,0.0,0.0,0.0,3459.0160000000005,0.0
22.375999999999998,0.0,0.0,0.0,-2644.8340000000003,0.0
-2.3163999999999954,0.0,0.0,0.0,0.0,0.0
-3.7330999999999985,0.0,0.0,0.0,0.0,0.0
10.085699999999985,0.0,0.0,0.0,0.0,0.0
6.138600000000009,0.0,0.0,0.0,-2625.3620000000005,0.0
-41.42959999999999,0.0,0.0,0.0,5568.241,0.0
34.65469999999999,0.0,0.0,0.0,-2942.879,0.0
12.185099999999993,0.0,0.0,0.0,-159.29599999999982,0.0
-39.130399999999995,0.0,0.0,0.0,159.29599999999982,0.0
18.804199999999998,0.0,0.0,0.0,0.0,0.0
-2.0046,0.0,0.0,0.0,79.1260000000002,0.0
9.845299999999998,0.0,0.0,0.0,-79.1260000000002,0.0
-12.032100000000002,0.0,0.0,0.0,0.0,0.0
10.126000000000001,0.0,0.0,0.0,0.0,0.0
-1.8128999999999937,0.0,0.0,0.0,0.0,0.0
11.835499999999982,0.0,0.0,0.0,-1384.1809999999998,0.0
-34.11819999999998,0.0,0.0,0.0,-63.319000000000415,0.0
36.79509999999999,0.0,0.0,0.0,1446.6830000000002,0.0
-34.0257,0.0,0.0,0.0,1659.6000000000004,0.0
10.606900000000005,0.0,0.0,0.0,-1658.7830000000004,0.0
17.047099999999993,0.0,0.0,0.0,0.0,0.0
-17.451999999999998,0.0,0.0,0.0,-559.354,0.0
36.53930000000002,0.0,0.0,0.0,559.354,0.0
-51.30890000000002,0.0,0.0,0.0,-1092.6340000000005,0.0
14.237100000000009,0.0,0.0,0.0,2290.1660000000006,0.0
2.271100000000006,0.0,0.0,0.0,-1197.5320000000002,0.0
-1.6102000000000034,-1.6124999999999972,5.569816772928448,-1.6708333333333336,-287.5780000000002,-2.6661000590076824
22.7467,1.6124999999999972,-5.569816772928448,1.6708333333333336,1788.7720000000008,2.6661000590076824
-17.8672,0.0,0.0,0.0,-1501.1940000000006,0.0
-10.162499999999998,0.0,0.0,0.0,0.0,0.0
8.142300000000002,0.0,0.0,0.0,12.304999999999382,0.0
14.941699999999994,0.0,0.0,0.0,-12.304999999999382,0.0
-18.875999999999998,0.0,0.0,0.0,0.0,0.0
20.489900000000006,0.0,0.0,0.0,0.0,0.0
-32.5833,0.0,0.0,0.0,-31.141000000000076,0.0
19.5696,0.0,0.0,0.0,31.141000000000076,0.0
2.6166000000000027,0.0,0.0,0.0,0.0,0.0
-6.879600000000007,0.0,0.0,0.0,0.0,0.0
4.597000000000005,0.0,0.0,0.0,-1130.0240000000001,0.0
-0.2965000000000009,0.0,0.0,0.0,1130.0240000000001,0.0
7.926699999999999,0.0,0.0,0.0,0.0,0.0
-20.6816,0.0,0.0,0.0,-720.5029999999999,0.0
42.684,0.0,0.0,0.0,79.30199999999991,0.0
-58.33149999999999,0.0,0.0,0.0,2968.4610000000002,0.0
31.959199999999996,0.0,0.0,0.0,-2327.26,0.0
-0.07069999999999688,0.0,0.0,0.0,0.0,0.0
-8.674400000000007,0.0,0.0,0.0,0.0,0.0
11.973600000000003,0.0,0.0,0.0,0.0,0.0
-3.3187999999999924,0.0,0.0,0.0,-2323.82,0.0
-21.91640000000001,0.0,0.0,0.0,5002.772000000001,0.0
25.254100000000008,0.0,0.0,0.0,-2678.952,0.0
11.544999999999995,0.0,0.0,0.0,-136.22800000000007,0.0
-37.5767,0.0,0.0,0.0,136.22800000000007,0.0
17.825200000000002,0.0,0.0,0.0,0.0,0.0
-1.2332,0.0,0.0,0.0,12.29800000000023,0.0
8.018500000000001,0.0,0.0,0.0,-12.29800000000023,0.0
-8.664799999999996,0.0,0.0,0.0,0.0,0.0
-0.3604000000000047,0.0,0.0,0.0,0.0,0.0
16.391299999999998,0.0,0.0,0.0,0.0,0.0
-6.445799999999998,0.0,0.0,0.0,-1279.5300000000004,0.0
-21.6054,0.0,0.0,0.0,38.505000000000564,0.0
28.891799999999996,0.0,0.0,0.0,1238.3429999999998,0.0
-27.103899999999996,0.0,0.0,0.0,1497.4150000000006,0.0
7.160699999999999,0.0,0.0,0.0,-1494.7330000000006,0.0
18.3198,0.0,0.0,0.0,0.0,0.0
-19.59700000000001,0.0,0.0,0.0,-477.2860000000005,0.0
33.47500000000001,0.0,0.0,0.0,477.2860000000005,0.0
-40.93230000000001,0.0,0.0,0.0,-1012.415,0.0
5.216300000000013,0.0,0.0,0.0,2005.271,0.0
2.622100000000003,0.0,0.0,0.0,-992.856,0.0
7.937399999999991,0.17499999999999716,-2.5874999999999773,0.6041666666666659,-131.59799999999996,-0.9197726288689481
16.1746,-0.17499999999999716,2.5874999999999773,-0.6041666666666659,1684.7990000000007,0.9197726288689481
-19.293300000000006,0.0,0.0,0.0,-1553.2010000000007,0.0
-13.779799999999987,0.0,0.0,0.0,0.0,0.0
15.704299999999991,0.0,0.0,0.0,48.431999999999334,0.0
10.2027,0.0,0.0,0.0,-48.431999999999334,0.0
-17.714599999999997,0.0,0.0,0.0,0.0,0.0
14.206200000000003,0.0,0.0,0.0,0.0,0.0
-18.8871,0.0,0.0,0.0,-158.17399999999998,0.0
12.845099999999999,0.0,0.0,0.0,158.17399999999998,0.0
1.5287999999999995,0.0,0.0,0.0,0.0,0.0
-0.024099999999998012,0.0,0.0,0.0,0.0,0.0
-5.999100000000003,0.0,0.0,0.0,-1066.2330000000002,0.0
12.907200000000007,0.0,0.0,0.0,1066.2330000000002,0.0
-10.491800000000012,0.0,0.0,0.0,0.0,0.0
-8.98709999999999,0.0,0.0,0.0,-636.466,0.0
26.3696,0.0,0.0,0.0,-22.549999999999955,0.0
-29.3179,0.0,0.0,0.0,2844.0449999999996,0.0
15.4621,0.0,0.0,0.0,-2185.0289999999995,0.0
5.528800000000007,0.0,0.0,0.0,0.0,0.0
-14.51270000000001,0.0,0.0,0.0,0.0,0.0
10.683900000000003,0.0,0.0,0.0,0.0,0.0
10.697799999999992,0.0,0.0,0.0,-2181.9829999999993,0.0
-38.91509999999998,0.0,0.0,0.0,4737.405999999999,0.0
32.661599999999986,0.0,0.0,0.0,-2555.423,0.0
10.389600000000012,0.0,0.0,0.0,12.374000000000706,0.0
-39.99770000000001,0.0,0.0,0.0,-12.374000000000706,0.0
22.499400000000005,0.0,0.0,0.0,0.0,0.0
-3.4944999999999977,0.0,0.0,0.0,-168.82500000000073,0.0
7.058699999999993,0.0,0.0,0.0,168.82500000000073,0.0
-6.347099999999992,0.0,0.0,0.0,0.0,0.0
-0.594200000000007,0.0,0.0,0.0,0.0,0.0
11.169200000000004,0.0,0.0,0.0,0.0,0.0
-3.3845000000000027,0.0,0.0,0.0,-1268.969,0.0
-15.641799999999996,0.0,0.0,0.0,169.17700000000013,0.0
23.432999999999996,0.0,0.0,0.0,1092.2869999999998,0.0
-26.3506,0.0,0.0,0.0,1381.9250000000002,0.0
6.402400000000003,0.0,0.0,0.0,-1374.42,0.0
17.7074,0.0,0.0,0.0,0.0,0.0
-15.651500000000006,0.0,0.0,0.0,-355.92100000000005,0.0
35.447500000000005,0.0,0.0,0.0,355.92100000000005,0.0
-53.380199999999995,0.0,0.0,0.0,-1005.1650000000002,0.0
19.294099999999997,0.0,0.0,0.0,1927.3720000000003,0.0
-8.392599999999998,0.0,0.0,0.0,-922.2070000000001,0.0
11.056899999999997,0.3375000000000057,-2.2666666666666515,-0.07916666666666616,-165.38500000000022,-0.27257303445964
20.668300000000002,-0.3375000000000057,2.2666666666666515,0.07916666666666616,1675.3460000000005,0.27257303445964
-21.7446,0.0,0.0,0.0,-1509.9610000000002,0.0
-13.3024,0.0,0.0,0.0,0.0,0.0
14.901999999999997,0.0,0.0,0.0,33.88600000000042,0.0
11.672500000000005,0.0,0.0,0.0,-33.88600000000042,0.0
-23.282,0.0,0.0,0.0,0.0,0.0
16.430099999999996,0.0,0.0,0.0,0.0,0.0
-11.776199999999998,0.0,0.0,0.0,-247.53500000000076,0.0
9.133499999999998,0.0,0.0,0.0,247.53500000000076,0.0
-0.1206999999999967,0.0,0.0,0.0,0.0,0.0
13.848500000000001,0.0,0.0,0.0,0.0,0.0
-36.977700000000006,0.0,0.0,0.0,-913.3719999999998,0.0
22.806000000000004,0.0,0.0,0.0,913.3719999999998,0.0
10.629999999999997,0.0,0.0,0.0,0.0,0.0
-23.24859999999999,0.0,0.0,0.0,-640.097,0.0
23.700899999999994,0.0,0.0,0.0,90.18000000000006,0.0
-26.1404,0.0,0.0,0.0,2596.932,0.0
14.304999999999998,0.0,0.0,0.0,-2047.015,0.0
6.673900000000003,0.0,0.0,0.0,0.0,0.0
-14.006600000000011,0.0,0.0,0.0,0.0,0.0
13.70950000000001,0.0,0.0,0.0,0.0,0.0
-1.7122999999999955,0.0,0.0,0.0,-2051.05,0.0
-25.166900000000005,0.0,0.0,0.0,4452.109,0.0
29.4269,0.0,0.0,0.0,-2401.059,0.0
2.7603000000000044,0.0,0.0,0.0,-156.567,0.0
-30.812400000000007,0.0,0.0,0.0,156.567,0.0
17.356500000000004,0.0,0.0,0.0,0.0,0.0
-0.39539999999999864,0.0,0.0,0.0,16.353000000000065,0.0
5.5944,0.0,0.0,0.0,-16.353000000000065,0.0
-5.408099999999999,0.0,0.0,0.0,0.0,0.0
0.5086999999999957,0.0,0.0,0.0,0.0,0.0
9.834300000000004,0.0,0.0,0.0,0.0,0.0
-2.0206000000000017,0.0,0.0,0.0,-1220.3639999999998,0.0
-21.722299999999997,0.0,0.0,0.0,211.02799999999934,0.0
27.139699999999994,0.0,0.0,0.0,997.7050000000004,0.0
-22.250499999999995,0.0,0.0,0.0,1307.8349999999998,0.0
2.167599999999995,0.0,0.0,0.0,-1296.2039999999997,0.0
17.125099999999996,0.0,0.0,0.0,0.0,0.0
-11.692999999999994,0.0,0.0,0.0,-385.9989999999998,0.0
8.352700000000002,0.0,0.0,0.0,385.9989999999998,0.0
12.870299999999991,0.0,0.0,0.0,-895.3210000000001,0.0
-41.41229999999999,0.0,0.0,0.0,1723.8750000000007,0.0
13.850299999999994,0.0,0.0,0.0,-828.5540000000005,0.0
1.696900000000003,-1.0750000000000064,6.274999999999977,-0.23333333333333295,-24.893000000000484,-0.06376158485389283
17.453200000000002,1.0750000000000064,-6.274999999999977,0.23333333333333295,1616.7050000000006,0.06376158485389283
-1.3961000000000006,0.0,0.0,0.0,-1591.8120000000001,0.0
-23.4542,0.0,0.0,0.0,0.0,0.0
14.200199999999999,0.0,0.0,0.0,41.758000000000266,0.0
8.218700000000002,0.0,0.0,0.0,-41.758000000000266,0.0
-17.9257,0.0,0.0,0.0,0.0,0.0
22.044299999999996,0.0,0.0,0.0,0.0,0.0
-28.992799999999995,0.0,0.0,0.0,-281.64400000000023,0.0
20.898999999999997,0.0,0.0,0.0,281.64400000000023,0.0
-2.651099999999998,0.0,0.0,0.0,0.0,0.0
10.1417,0.0,0.0,0.0,0.0,0.0
-31.207300000000004,0.0,0.0,0.0,-945.9360000000001,0.0
29.388,0.0,0.0,0.0,945.9360000000001,0.0
-10.9279,0.0,0.0,0.0,0.0,0.0
-7.4322000000000035,0.0,0.0,0.0,-641.8499999999999,0.0
26.258299999999995,0.0,0.0,0.0,57.89899999999989,0.0
-32.34509999999999,0.0,0.0,0.0,2676.398,0.0
16.963099999999997,0.0,0.0,0.0,-2092.447,0.0
7.871899999999999,0.0,0.0,0.0,0.0,0.0
-21.69490000000001,0.0,0.0,0.0,0.0,0.0
16.39040000000001,0.0,0.0,0.0,0.0,0.0
4.397999999999994,0.0,0.0,0.0,-2093.536,0.0
-30.822499999999998,0.0,0.0,0.0,4557.63,0.0
27.3315,0.0,0.0,0.0,-2464.094,0.0
11.0921,0.0,0.0,0.0,-116.32500000000073,0.0
-35.333800000000004,0.0,0.0,0.0,116.32500000000073,0.0
17.72130000000001,0.0,0.0,0.0,0.0,0.0
-1.6481000000000066,0.0,0.0,0.0,-43.55999999999858,0.0
7.918500000000002,0.0,0.0,0.0,43.55999999999858,0.0
-8.605700000000002,0.0,0.0,0.0,0.0,0.0
6.4847000000000055,0.0,0.0,0.0,0.0,0.0
-1.6210000000000022,0.0,0.0,0.0,0.0,0.0
8.919799999999999,0.0,0.0,0.0,-1267.6790000000012,0.0
-25.0631,0.0,0.0,0.0,256.70000000000164,0.0
24.1938,0.0,0.0,0.0,1001.2699999999995,0.0
-18.621599999999994,0.0,0.0,0.0,1314.7890000000002,0.0
0.9295999999999953,0.0,0.0,0.0,-1305.0800000000002,0.0
20.9194,0.0,0.0,0.0,0.0,0.0
-21.298599999999993,0.0,0.0,0.0,-328.7629999999997,0.0
10.899499999999998,0.0,0.0,0.0,328.7629999999997,0.0
15.152299999999993,0.0,0.0,0.0,-956.8580000000004,0.0
-35.2149,0.0,0.0,0.0,1802.3470000000004,0.0
13.972000000000007,0.0,0.0,0.0,-845.489,0.0
-6.9747,-0.9624999999999986,-4.515082946459131,0.1875,143.81599999999958,-6.10202293807863
18.005499999999998,0.9624999999999986,4.515082946459131,-0.1875,1460.9550000000008,6.10202293807863
7.389700000000006,0.0,0.0,0.0,-1604.7710000000004,0.0
-30.37130000000001,0.0,0.0,0.0,0.0,0.0
12.625100000000003,0.0,0.0,0.0,47.52500000000009,0.0
13.8747,0.0,0.0,0.0,-47.52500000000009,0.0
-11.259000000000004,0.0,0.0,0.0,0.0,0.0
2.6415000000000113,0.0,0.0,0.0,0.0,0.0
-18.345000000000006,0.0,0.0,0.0,-157.14000000000033,0.0
18.7432,0.0,0.0,0.0,157.14000000000033,0.0
-2.059300000000004,0.0,0.0,0.0,0.0,0.0
7.033700000000003,0.0,0.0,0.0,0.0,0.0
-25.141199999999998,0.0,0.0,0.0,-1115.7589999999996,0.0
25.516,0.0,0.0,0.0,1115.7589999999996,0.0
-0.8873999999999924,0.0,0.0,0.0,0.0,0.0
-21.34430000000001,0.0,0.0,0.0,-662.5000000000005,0.0
25.10170000000001,0.0,0.0,0.0,-53.71199999999931,0.0
-21.553700000000013,0.0,0.0,0.0,3034.9739999999993,0.0
13.764200000000006,0.0,0.0,0.0,-2318.7619999999997,0.0
4.304800000000003,0.0,0.0,0.0,0.0,0.0
-12.468000000000007,0.0,0.0,0.0,0.0,0.0
-5.653799999999997,0.0,0.0,0.0,0.0,0.0
35.5116,0.0,0.0,0.0,-2309.623,0.0
-44.305099999999996,0.0,0.0,0.0,4984.246,0.0
20.128499999999995,0.0,0.0,0.0,-2674.623,0.0
17.061800000000012,0.0,0.0,0.0,-56.93600000000015,0.0
-40.61480000000002,0.0,0.0,0.0,56.93600000000015,0.0
19.248200000000008,0.0,0.0,0.0,0.0,0.0
5.380899999999997,0.0,0.0,0.0,-94.75499999999965,0.0
1.070500000000001,0.0,0.0,0.0,94.75499999999965,0.0
-5.574199999999997,0.0,0.0,0.0,0.0,0.0
4.962399999999997,0.0,0.0,0.0,0.0,0.0
8.279300000000003,0.0,0.0,0.0,0.0,0.0
-3.399300000000002,0.0,0.0,0.0,-1323.5860000000002,0.0
-24.8046,0.0,0.0,0.0,148.30200000000036,0.0
32.56170000000001,0.0,0.0,0.0,1169.677,0.0
-27.881400000000014,0.0,0.0,0.0,1441.615,0.0
4.553500000000006,0.0,0.0,0.0,-1436.008,0.0
19.018999999999995,0.0,0.0,0.0,0.0,0.0
-8.352699999999988,0.0,0.0,0.0,-366.53300000000013,0.0
-8.965000000000002,0.0,0.0,0.0,366.53300000000013,0.0
28.14459999999999,0.0,0.0,0.0,-1053.4509999999998,0.0
-38.45379999999999,0.0,0.0,0.0,2046.0069999999996,0.0
4.981699999999993,0.0,0.0,0.0,-992.5559999999998,0.0
6.745599999999996,0.25,-4.674663095141554,0.9124999999999988,-639.4369999999998,-1.8927463417542931
17.494699999999998,-0.25,4.674663095141554,-0.9124999999999988,1714.7089999999998,1.8927463417542931
-5.750999999999996,0.0,0.0,0.0,-1075.272,0.0
-17.79319999999999,0.0,0.0,0.0,0.0,0.0
7.918499999999993,0.0,0.0,0.0,48.379000000000815,0.0
14.467600000000001,0.0,0.0,0.0,-48.379000000000815,0.0
-11.462499999999993,0.0,0.0,0.0,0.0,0.0
-4.579000000000013,0.0,0.0,0.0,0.0,0.0
-5.007799999999991,0.0,0.0,0.0,-140.0030000000006,0.0
14.025099999999991,0.0,0.0,0.0,140.0030000000006,0.0
-3.791099999999987,0.0,0.0,0.0,0.0,0.0
8.781299999999987,0.0,0.0,0.0,0.0,0.0
-26.922299999999993,0.0,0.0,0.0,-700.6870000000001,0.0
28.8449,0.0,0.0,0.0,700.6870000000001,0.0
-10.975100000000008,0.0,0.0,0.0,0.0,0.0
-7.932399999999987,0.0,0.0,0.0,-435.0970000000001,0.0
18.390199999999986,0.0,0.0,0.0,33.486000000000104,0.0
-19.809599999999985,0.0,0.0,0.0,1834.360999999999,0.0
10.504099999999998,0.0,0.0,0.0,-1432.749999999999,0.0
15.172699999999992,0.0,0.0,0.0,0.0,0.0
-32.3743,0.0,0.0,0.0,0.0,0.0
7.985300000000001,0.0,0.0,0.0,0.0,0.0
26.490799999999997,0.0,0.0,0.0,-1439.2349999999992,0.0
-38.0226,0.0,0.0,0.0,3151.392999999999,0.0
24.095899999999993,0.0,0.0,0.0,-1712.158,0.0
12.740999999999998,0.0,0.0,0.0,31.16599999999994,0.0
-35.23259999999999,0.0,0.0,0.0,-31.16599999999994,0.0
16.645399999999995,0.0,0.0,0.0,0.0,0.0
0.14060000000000183,0.0,0.0,0.0,-159.16499999999996,0.0
4.339899999999997,0.0,0.0,0.0,159.16499999999996,0.0
-4.445999999999999,0.0,0.0,0.0,0.0,0.0
4.2659999999999965,0.0,0.0,0.0,0.0,0.0
-1.2189999999999905,0.0,0.0,0.0,0.0,0.0
9.104199999999997,0.0,0.0,0.0,-851.317,0.0
-24.14390000000001,0.0,0.0,0.0,145.389,0.0
24.444700000000008,0.0,0.0,0.0,698.801,0.0
-28.259300000000003,0.0,0.0,0.0,930.88,0.0
15.3783,0.0,0.0,0.0,-923.753,0.0
18.216,0.0,0.0,0.0,0.0,0.0
-22.56542532076224,0.0,0.0,0.0,-233.6350000000001,0.0
0.7809506415244751,0.0,0.0,0.0,233.6350000000001,0.0
31.966474679237777,0.0,0.0,0.0,-684.952,0.0
-54.007300000000015,0.0,0.0,0.0,1258.022,0.0
20.1152,0.0,0.0,0.0,-573.0699999999998,0.0
6.519600000000003,1.6833333333333371,4.376480407061109,-0.29166666666666474,599.1379999999997,8.259197738869346
11.779599999999995,-1.6833333333333371,-4.376480407061109,0.29166666666666474,1019.3350000000016,-8.259197738869346
-7.18429999999999,0.0,0.0,0.0,-1618.4730000000013,0.0
-17.272600000000008,0.0,0.0,0.0,0.0,0.0
13.214600000000004,0.0,0.0,0.0,37.80499999999938,0.0
9.475999999999992,0.0,0.0,0.0,-37.80499999999938,0.0
-16.900799999999986,0.0,0.0,0.0,0.0,0.0
16.98559999999999,0.0,0.0,0.0,0.0,0.0
-27.533300000000004,0.0,0.0,0.0,-75.846,0.0
18.991000000000007,0.0,0.0,0.0,75.846,0.0
6.200299999999997,0.0,0.0,0.0,0.0,0.0
-2.7887999999999984,0.0,0.0,0.0,0.0,0.0
-17.325399999999995,0.0,0.0,0.0,-1177.467,0.0
22.591299999999993,0.0,0.0,0.0,1177.467,0.0
-8.218699999999995,0.0,0.0,0.0,0.0,0.0
-12.622700000000004,0.0,0.0,0.0,-713.8930000000005,0.0
27.446200000000005,0.0,0.0,0.0,-4.50399999999911,0.0
-30.33450000000001,0.0,0.0,0.0,3098.6869999999994,0.0
15.974,0.0,0.0,0.0,-2380.29,0.0
0.5978000000000039,0.0,0.0,0.0,0.0,0.0
-5.600700000000002,0.0,0.0,0.0,0.0,0.0
13.5691,0.0,0.0,0.0,0.0,0.0
-6.1988,0.0,0.0,0.0,-2372.154,0.0
-25.6257,0.0,0.0,0.0,5128.164000000001,0.0
22.6281,0.0,0.0,0.0,-2756.01,0.0
15.785499999999997,0.0,0.0,0.0,-14.766999999999825,0.0
-32.4764,0.0,0.0,0.0,14.766999999999825,0.0
14.064299999999998,0.0,0.0,0.0,0.0,0.0
2.3146000000000004,0.0,0.0,0.0,-148.1850000000004,0.0
1.251500000000001,0.0,0.0,0.0,148.1850000000004,0.0
-2.338000000000002,0.0,0.0,0.0,0.0,0.0
2.757500000000002,0.0,0.0,0.0,0.0,0.0
-3.2371999999999996,0.0,0.0,0.0,0.0,0.0
10.935899999999997,0.0,0.0,0.0,-1320.1960000000001,0.0
-21.1996,0.0,0.0,0.0,71.67900000000031,0.0
25.636100000000003,0.0,0.0,0.0,1249.1029999999998,0.0
-31.239499999999996,0.0,0.0,0.0,1495.171,0.0
10.887699999999993,0.0,0.0,0.0,-1495.757,0.0
17.920099999999998,0.0,0.0,0.0,0.0,0.0
-11.934099999999987,0.0,0.0,0.0,-364.28099999999927,0.0
-4.2802000000000096,0.0,0.0,0.0,364.28099999999927,0.0
21.297299999999993,0.0,0.0,0.0,-1122.7160000000008,0.0
-34.690199999999976,0.0,0.0,0.0,2145.9940000000006,0.0
12.990399999999983,0.0,0.0,0.0,-1023.2779999999998,0.0
-0.7631999999999959,0.21250000000000213,1.000765634539576,-0.025000000000000355,-915.2089999999997,1.705696557357541
13.410800000000004,-0.21250000000000213,-1.000765634539576,0.025000000000000355,1510.8909999999998,-1.705696557357541
-0.019400000000009854,0.0,0.0,0.0,-595.6820000000001,0.0
-24.65659999999999,0.0,0.0,0.0,0.0,0.0
16.793699999999994,0.0,0.0,0.0,28.450000000000273,0.0
6.668200000000006,0.0,0.0,0.0,-28.450000000000273,0.0
-14.962900000000008,0.0,0.0,0.0,0.0,0.0
21.508500000000005,0.0,0.0,0.0,0.0,0.0
-31.2199,0.0,0.0,0.0,10.38399999999956,0.0
17.2494,0.0,0.0,0.0,-10.38399999999956,0.0
3.4093999999999998,0.0,0.0,0.0,0.0,0.0
2.4306000000000036,0.0,0.0,0.0,0.0,0.0
-15.548100000000005,0.0,0.0,0.0,-484.63599999999997,0.0
15.460200000000002,0.0,0.0,0.0,484.63599999999997,0.0
-3.172500000000001,0.0,0.0,0.0,0.0,0.0
-12.032799999999996,0.0,0.0,0.0,-257.1139999999999,0.0
28.55540000000001,0.0,0.0,0.0,-38.7890000000001,0.0
-35.078200000000024,0.0,0.0,0.0,1190.583,0.0
18.501200000000004,0.0,0.0,0.0,-894.68,0.0
3.5157000000000114,0.0,0.0,0.0,0.0,0.0
-11.957600000000008,0.0,0.0,0.0,0.0,0.0
11.992799999999994,0.0,0.0,0.0,0.0,0.0
2.079600000000015,0.0,0.0,0.0,-891.467,0.0
-28.438200000000013,0.0,0.0,0.0,1938.792,0.0
21.816900000000004,0.0,0.0,0.0,-1047.3249999999998,0.0
18.6237,0.0,0.0,0.0,72.49800000000027,0.0
-38.1863,0.0,0.0,0.0,-72.49800000000027,0.0
19.596600000000002,0.0,0.0,0.0,0.0,0.0
-5.142500000000004,0.0,0.0,0.0,-139.81200000000013,0.0
9.334700000000002,0.0,0.0,0.0,139.81200000000013,0.0
-8.132700000000003,0.0,0.0,0.0,0.0,0.0
5.041000000000004,0.0,0.0,0.0,0.0,0.0
-2.6506000000000025,0.0,0.0,0.0,0.0,0.0
9.613699999999996,0.0,0.0,0.0,-487.42600000000004,0.0
-19.03909999999999,0.0,0.0,0.0,5.032000000000039,0.0
21.121700000000004,0.0,0.0,0.0,483.078,0.0
-24.326900000000016,0.0,0.0,0.0,566.268,0.0
11.127900000000007,0.0,0.0,0.0,-566.952,0.0
12.202200000000007,0.0,0.0,0.0,0.0,0.0
-18.207400000000007,0.0,0.0,0.0,-116.46600000000001,0.0
13.639400000000002,0.0,0.0,0.0,116.46600000000001,0.0
8.787499999999993,0.0,0.0,0.0,-449.534,0.0
-32.448499999999996,0.0,0.0,0.0,851.082,0.0
11.360099999999994,0.0,0.0,0.0,-401.548,0.0
0.693800000000004,1.8916666666666586,-5.389875626469717,0.19166666666666643,655.3229999999995,3.9103221041646776
11.89,-1.8916666666666586,5.389875626469717,-0.19166666666666643,549.5610000000012,-3.9103221041646776
13.168999999999997,0.0,0.0,0.0,-1204.8840000000007,0.0
-38.0481,0.0,0.0,0.0,0.0,0.0
14.8501,0.0,0.0,0.0,43.266999999999825,0.0
9.5532,0.0,0.0,0.0,-43.266999999999825,0.0
-8.9077,0.0,0.0,0.0,0.0,0.0
9.222500000000004,0.0,0.0,0.0,0.0,0.0
-17.15480000000001,0.0,0.0,0.0,64.36999999999989,0.0
11.162700000000006,0.0,0.0,0.0,-64.36999999999989,0.0
2.341599999999996,0.0,0.0,0.0,0.0,0.0
-4.928199999999996,0.0,0.0,0.0,0.0,0.0
0.05089999999999861,0.0,0.0,0.0,-1029.4149999999997,0.0
10.1938,0.0,0.0,0.0,1029.4149999999997,0.0
-2.850199999999992,0.0,0.0,0.0,0.0,0.0
-18.136200000000013,0.0,0.0,0.0,-556.5450000000002,0.0
27.520400000000006,0.0,0.0,0.0,-76.92299999999977,0.0
-26.353,0.0,0.0,0.0,2580.421,0.0
14.6811,0.0,0.0,0.0,-1946.953,0.0
-2.427100000000001,0.0,0.0,0.0,0.0,0.0
-1.8204999999999991,0.0,0.0,0.0,0.0,0.0
0.5348999999999968,0.0,0.0,0.0,0.0,0.0
17.22930000000001,0.0,0.0,0.0,-1933.78,0.0
-37.012600000000006,0.0,0.0,0.0,4170.472,0.0
22.4886,0.0,0.0,0.0,-2236.692,0.0
23.47950000000001,0.0,0.0,0.0,56.526000000000295,0.0
-48.16920000000001,0.0,0.0,0.0,-56.526000000000295,0.0
22.573800000000002,0.0,0.0,0.0,0.0,0.0
0.3584000000000023,0.0,0.0,0.0,-179.45100000000002,0.0
1.6166,0.0,0.0,0.0,179.45100000000002,0.0
-0.5889000000000006,0.0,0.0,0.0,0.0,0.0
0.11320000000000618,0.0,0.0,0.0,0.0,0.0
-3.0179000000000116,0.0,0.0,0.0,0.0,0.0
14.981700000000012,0.0,0.0,0.0,-1023.327,0.0
-23.37840000000001,0.0,0.0,0.0,-46.74500000000012,0.0
21.122100000000007,0.0,0.0,0.0,1070.961,0.0
-22.499300000000005,0.0,0.0,0.0,1232.4200000000003,0.0
8.399900000000002,0.0,0.0,0.0,-1233.3090000000002,0.0
11.815399999999997,0.0,0.0,0.0,0.0,0.0
-14.416899999999998,0.0,0.0,0.0,-314.20900000000006,0.0
13.234000000000002,0.0,0.0,0.0,314.20900000000006,0.0
3.3291000000000004,0.0,0.0,0.0,-916.815,0.0
-23.730199999999996,0.0,0.0,0.0,1795.64,0.0
5.90069999999999,0.0,0.0,0.0,-878.825,0.0
0.9045000000000067,-0.9624999999999986,4.973394015751211,-1.2416666666666667,174.17000000000007,-0.44718762201263473
19.2492,0.9624999999999986,-4.973394015751211,1.2416666666666667,1240.399,0.44718762201263473
-1.8969999999999931,0.0,0.0,0.0,-1414.569,0.0
-29.27750000000001,0.0,0.0,0.0,0.0,0.0
19.30320000000001,0.0,0.0,0.0,45.94999999999936,0.0
2.823399999999997,0.0,0.0,0.0,-45.94999999999936,0.0
-8.860200000000008,0.0,0.0,0.0,0.0,0.0
11.990900000000005,0.0,0.0,0.0,0.0,0.0
-18.064299999999996,0.0,0.0,0.0,14.245000000000346,0.0
11.583199999999998,0.0,0.0,0.0,-14.245000000000346,0.0
4.210500000000001,0.0,0.0,0.0,0.0,0.0
-8.751500000000002,0.0,0.0,0.0,0.0,0.0
1.9807000000000041,0.0,0.0,0.0,-1149.212,0.0
14.491099999999992,0.0,0.0,0.0,1149.212,0.0
-19.66129999999999,0.0,0.0,0.0,0.0,0.0
1.8127999999999922,0.0,0.0,0.0,-610.8929999999998,0.0
26.4054,0.0,0.0,0.0,-139.28100000000018,0.0
-40.6249,0.0,0.0,0.0,2972.1099999999997,0.0
22.372099999999996,0.0,0.0,0.0,-2221.9359999999997,0.0
-1.9450999999999947,0.0,0.0,0.0,0.0,0.0
-1.732200000000006,0.0,0.0,0.0,0.0,0.0
-5.028199999999993,0.0,0.0,0.0,0.0,0.0
25.888999999999996,0.0,0.0,0.0,-2202.99,0.0
-40.51989999999999,0.0,0.0,0.0,4738.942999999999,0.0
22.1821,0.0,0.0,0.0,-2535.953,0.0
19.752399999999998,0.0,0.0,0.0,53.12300000000005,0.0
-40.8425,0.0,0.0,0.0,-53.12300000000005,0.0
19.9912,0.0,0.0,0.0,0.0,0.0
-2.452099999999999,0.0,0.0,0.0,-195.13400000000001,0.0
6.4826999999999995,0.0,0.0,0.0,195.13400000000001,0.0
-6.538800000000001,0.0,0.0,0.0,0.0,0.0
1.1535000000000029,0.0,0.0,0.0,0.0,0.0
11.113299999999997,0.0,0.0,0.0,0.0,0.0
-6.8725000000000005,0.0,0.0,0.0,-1193.533,0.0
-15.7121,0.0,0.0,0.0,10.418999999999642,0.0
27.219800000000006,0.0,0.0,0.0,1183.6960000000004,0.0
-29.31380000000001,0.0,0.0,0.0,1369.546,0.0
7.872700000000008,0.0,0.0,0.0,-1370.1280000000002,0.0
23.177799999999994,0.0,0.0,0.0,0.0,0.0
-25.578399999999995,0.0,0.0,0.0,-313.43400000000065,0.0
17.7026,0.0,0.0,0.0,313.43400000000065,0.0
2.2640999999999902,0.0,0.0,0.0,-1046.5249999999996,0.0
-25.788199999999986,0.0,0.0,0.0,2048.9629999999997,0.0
6.9853999999999985,0.0,0.0,0.0,-1002.4380000000001,0.0
0.0033999999999938524,-0.6458333333333321,1.6456482773851775,0.9916666666666667,-743.7160000000002,-1.2544743975429355
25.14240000000001,0.6458333333333321,-1.6456482773851775,-0.9916666666666667,1490.3210000000004,1.2544743975429355
-14.790400000000009,0.0,0.0,0.0,-746.6050000000001,0.0
-17.6877,0.0,0.0,0.0,0.0,0.0
16.489400000000003,0.0,0.0,0.0,37.25900000000024,0.0
2.3266999999999953,0.0,0.0,0.0,-37.25900000000024,0.0
-8.120899999999995,0.0,0.0,0.0,0.0,0.0
11.075499999999998,0.0,0.0,0.0,0.0,0.0
-16.5055,0.0,0.0,0.0,-13.028999999999542,0.0
11.7984,0.0,0.0,0.0,13.028999999999542,0.0
0.9602999999999984,0.0,0.0,0.0,0.0,0.0
-5.661399999999998,0.0,0.0,0.0,0.0,0.0
0.10879999999999956,0.0,0.0,0.0,-584.6070000000005,0.0
3.2235000000000005,0.0,0.0,0.0,584.6070000000005,0.0
3.645699999999999,0.0,0.0,0.0,0.0,0.0
-11.932699999999999,0.0,0.0,0.0,-312.77700000000004,0.0
33.5603,0.0,0.0,0.0,-50.313000000000045,0.0
-49.244099999999996,0.0,0.0,0.0,1468.65,0.0
27.458299999999994,0.0,0.0,0.0,-1105.56,0.0
0.6609000000000034,0.0,0.0,0.0,0.0,0.0
-10.380100000000008,0.0,0.0,0.0,0.0,0.0
-0.007699999999998042,0.0,0.0,0.0,0.0,0.0
24.5454,0.0,0.0,0.0,-1102.001,0.0
-36.391999999999996,0.0,0.0,0.0,2394.249,0.0
16.708999999999996,0.0,0.0,0.0,-1292.2479999999996,0.0
21.075100000000003,0.0,0.0,0.0,70.26500000000033,0.0
-37.9768,0.0,0.0,0.0,-70.26500000000033,0.0
18.205,0.0,0.0,0.0,0.0,0.0
-2.979700000000001,0.0,0.0,0.0,-156.31600000000003,0.0
8.279500000000002,0.0,0.0,0.0,156.31600000000003,0.0
-8.850900000000003,0.0,0.0,0.0,0.0,0.0
2.7825999999999986,0.0,0.0,0.0,0.0,0.0
10.917100000000003,0.0,0.0,0.0,0.0,0.0
-13.4036,0.0,0.0,0.0,-613.2099999999999,0.0
-1.4428000000000036,0.0,0.0,0.0,33.009000000000015,0.0
16.530400000000007,0.0,0.0,0.0,579.8999999999999,0.0
-23.879500000000004,0.0,0.0,0.0,693.7930000000002,0.0
-0.06720000000000148,0.0,0.0,0.0,-693.4920000000002,0.0
24.569200000000002,0.0,0.0,0.0,0.0,0.0
-16.613599999999998,0.0,0.0,0.0,-143.33800000000008,0.0
10.980800000000002,0.0,0.0,0.0,143.33800000000008,0.0
0.7822999999999887,0.0,0.0,0.0,-547.3860000000002,0.0
-20.012299999999996,0.0,0.0,0.0,1036.294,0.0
3.2472000000000065,0.0,0.0,0.0,-488.90799999999996,0.0
3.1570999999999962,-0.18333333333333002,-0.6875,-0.2416666666666667,543.2210000000001,-1.2660407550550374
15.687000000000001,0.18333333333333002,0.6875,0.2416666666666667,657.158,1.2660407550550374
3.7563999999999993,0.0,0.0,0.0,-1200.3790000000001,0.0
-31.712300000000003,0.0,0.0,0.0,0.0,0.0
17.674100000000003,0.0,0.0,0.0,30.740999999999985,0.0
1.1402999999999928,0.0,0.0,0.0,-30.740999999999985,0.0
3.9716000000000076,0.0,0.0,0.0,0.0,0.0
-1.384700000000004,0.0,0.0,0.0,0.0,0.0
-15.433399999999999,0.0,0.0,0.0,67.69200000000001,0.0
10.279700000000002,0.0,0.0,0.0,-67.69200000000001,0.0
4.4922,0.0,0.0,0.0,0.0,0.0
-3.9965000000000037,0.0,0.0,0.0,0.0,0.0
1.4831000000000056,0.0,0.0,0.0,-1023.6110000000001,0.0
-7.508900000000004,0.0,0.0,0.0,1023.6110000000001,0.0
20.930700000000005,0.0,0.0,0.0,0.0,0.0
-24.50650000000001,0.0,0.0,0.0,-546.488,0.0
15.913000000000007,0.0,0.0,0.0,-101.02499999999986,0.0
-10.238500000000002,0.0,0.0,0.0,2593.5269999999996,0.0
8.8191,0.0,0.0,0.0,-1946.0139999999997,0.0
-3.744499999999994,0.0,0.0,0.0,0.0,0.0
2.1955999999999882,0.0,0.0,0.0,0.0,0.0
-11.521399999999991,0.0,0.0,0.0,0.0,0.0
29.327,0.0,0.0,0.0,-1927.2419999999997,0.0
-41.03460000000001,0.0,0.0,0.0,4146.108,0.0
23.634400000000003,0.0,0.0,0.0,-2218.866,0.0
15.503899999999996,0.0,0.0,0.0,45.26200000000017,0.0
-35.3597,0.0,0.0,0.0,-45.26200000000017,0.0
16.413600000000002,0.0,0.0,0.0,0.0,0.0
-0.037000000000002586,0.0,0.0,0.0,-161.096,0.0
3.296800000000001,0.0,0.0,0.0,161.096,0.0
-3.6187999999999985,0.0,0.0,0.0,0.0,0.0
5.565399999999999,0.0,0.0,0.0,0.0,0.0
1.1434999999999942,0.0,0.0,0.0,0.0,0.0
-4.636199999999988,0.0,0.0,0.0,-1017.0630000000001,0.0
-9.29880000000001,0.0,0.0,0.0,-52.434999999999945,0.0
20.600400000000008,0.0,0.0,0.0,1069.485,0.0
-24.2207,0.0,0.0,0.0,1222.1850000000006,0.0
2.3699999999999974,0.0,0.0,0.0,-1222.1720000000005,0.0
22.6291,0.0,0.0,0.0,0.0,0.0
-16.012900000000002,0.0,0.0,0.0,-305.328,0.0
8.153800000000011,0.0,0.0,0.0,305.328,0.0
11.960599999999983,0.0,0.0,0.0,-910.4840000000004,0.0
-38.77879999999999,0.0,0.0,0.0,1790.8440000000003,0.0
17.480799999999995,0.0,0.0,0.0,-880.3599999999999,0.0
-2.9892999999999965,-1.2208333333333385,3.508333333333354,-0.5499999999999998,-116.13199999999983,-2.5878579922119656
12.8485,1.2208333333333385,-3.508333333333354,0.5499999999999998,1510.705,2.5878579922119656
8.838500000000005,0.0,0.0,0.0,-1394.573,0.0
-26.96760000000002,0.0,0.0,0.0,0.0,0.0
8.93370000000001,0.0,0.0,0.0,16.129999999999654,0.0
8.6586,0.0,0.0,0.0,-16.129999999999654,0.0
-0.6452000000000009,0.0,0.0,0.0,0.0,0.0
-9.332099999999995,0.0,0.0,0.0,0.0,0.0
-4.549400000000007,0.0,0.0,0.0,-108.27700000000004,0.0
11.426100000000003,0.0,0.0,0.0,108.27700000000004,0.0
0.7642000000000002,0.0,0.0,0.0,0.0,0.0
3.1558000000000037,0.0,0.0,0.0,0.0,0.0
-15.466800000000006,0.0,0.0,0.0,-919.231,0.0
6.687400000000003,0.0,0.0,0.0,919.231,0.0
11.558899999999998,0.0,0.0,0.0,0.0,0.0
-16.8877,0.0,0.0,0.0,-639.7479999999998,0.0
16.355999999999998,0.0,0.0,0.0,107.42599999999982,0.0
-13.7272,0.0,0.0,0.0,2513.3230000000003,0.0
8.287100000000004,0.0,0.0,0.0,-1981.0010000000002,0.0
-0.46250000000000746,0.0,0.0,0.0,0.0,0.0
-3.8805999999999923,0.0,0.0,0.0,0.0,0.0
-6.8187000000000015,0.0,0.0,0.0,0.0,0.0
23.7785,0.0,0.0,0.0,-1980.365,0.0
-31.16790000000001,0.0,0.0,0.0,4270.316000000001,0.0
17.182900000000004,0.0,0.0,0.0,-2289.951000000001,0.0
21.831400000000002,0.0,0.0,0.0,-92.19800000000077,0.0
-42.6143,0.0,0.0,0.0,92.19800000000077,0.0
16.002299999999998,0.0,0.0,0.0,0.0,0.0
4.417000000000003,0.0,0.0,0.0,-44.159000000000106,0.0
0.6999000000000004,0.0,0.0,0.0,44.159000000000106,0.0
-3.6489000000000065,0.0,0.0,0.0,0.0,0.0
2.8771000000000058,0.0,0.0,0.0,0.0,0.0
